,title,id,key,name
0,the Dark Child,1,Annie,Annie
1,the Berserker,2,Olaf,Olaf
2,the Colossus,3,Galio,Galio
3,the Card Master,4,TwistedFate,Twisted Fate
4,the Seneschal of Demacia,5,XinZhao,Xin Zhao
5,the Dreadnought,6,Urgot,Urgot
6,the Deceiver,7,Leblanc,LeBlanc
7,the Crimson Reaper,8,Vladimir,Vladimir
8,the Harbinger of Doom,9,Fiddlesticks,Fiddlesticks
9,The Judicator,10,Kayle,Kayle
10,the Wuju Bladesman,11,MasterYi,Master Yi
11,the Minotaur,12,Alistar,Alistar
12,the Rune Mage,13,Ryze,Ryze
13,The Undead Juggernaut,14,Sion,Sion
14,the Battle Mistress,15,Sivir,Sivir
15,the Starchild,16,Soraka,Soraka
16,the Swift Scout,17,Teemo,Teemo
17,the Yordle Gunner,18,Tristana,Tristana
18,the Uncaged Wrath of Zaun,19,Warwick,Warwick
19,the Yeti Rider,20,Nunu,Nunu
20,the Bounty Hunter,21,MissFortune,Miss Fortune
21,the Frost Archer,22,Ashe,Ashe
22,the Barbarian King,23,Tryndamere,Tryndamere
23,Grandmaster at Arms,24,Jax,Jax
24,Fallen Angel,25,Morgana,Morgana
25,the Chronokeeper,26,Zilean,Zilean
26,the Mad Chemist,27,Singed,Singed
27,the Widowmaker,28,Evelynn,Evelynn
28,the Plague Rat,29,Twitch,Twitch
29,the Deathsinger,30,Karthus,Karthus
30,the Terror of the Void,31,Chogath,Cho'Gath
31,the Sad Mummy,32,Amumu,Amumu
32,the Armordillo,33,Rammus,Rammus
33,the Cryophoenix,34,Anivia,Anivia
34,the Demon Jester,35,Shaco,Shaco
35,the Madman of Zaun,36,DrMundo,Dr. Mundo
36,Maven of the Strings,37,Sona,Sona
37,the Void Walker,38,Kassadin,Kassadin
38,the Will of the Blades,39,Irelia,Irelia
39,the Storm's Fury,40,Janna,Janna
40,the Saltwater Scourge,41,Gangplank,Gangplank
41,the Daring Bombardier,42,Corki,Corki
42,the Enlightened One,43,Karma,Karma
43,the Shield of Valoran,44,Taric,Taric
44,the Tiny Master of Evil,45,Veigar,Veigar
45,the Troll King,48,Trundle,Trundle
46,the Master Tactician,50,Swain,Swain
47,the Sheriff of Piltover,51,Caitlyn,Caitlyn
48,the Great Steam Golem,53,Blitzcrank,Blitzcrank
49,Shard of the Monolith,54,Malphite,Malphite
50,the Sinister Blade,55,Katarina,Katarina
51,the Eternal Nightmare,56,Nocturne,Nocturne
52,the Twisted Treant,57,Maokai,Maokai
53,the Butcher of the Sands,58,Renekton,Renekton
54,the Exemplar of Demacia,59,JarvanIV,Jarvan IV
55,the Spider Queen,60,Elise,Elise
56,the Lady of Clockwork,61,Orianna,Orianna
57,the Monkey King,62,MonkeyKing,Wukong
58,the Burning Vengeance,63,Brand,Brand
59,the Blind Monk,64,LeeSin,Lee Sin
60,the Night Hunter,67,Vayne,Vayne
61,the Mechanized Menace,68,Rumble,Rumble
62,the Serpent's Embrace,69,Cassiopeia,Cassiopeia
63,the Crystal Vanguard,72,Skarner,Skarner
64,the Revered Inventor,74,Heimerdinger,Heimerdinger
65,the Curator of the Sands,75,Nasus,Nasus
66,the Bestial Huntress,76,Nidalee,Nidalee
67,the Spirit Walker,77,Udyr,Udyr
68,Keeper of the Hammer,78,Poppy,Poppy
69,the Rabble Rouser,79,Gragas,Gragas
70,the Artisan of War,80,Pantheon,Pantheon
71,the Prodigal Explorer,81,Ezreal,Ezreal
72,the Iron Revenant,82,Mordekaiser,Mordekaiser
73,Shepherd of Souls,83,Yorick,Yorick
74,the Fist of Shadow,84,Akali,Akali
75,the Heart of the Tempest,85,Kennen,Kennen
76,The Might of Demacia,86,Garen,Garen
77,the Radiant Dawn,89,Leona,Leona
78,the Prophet of the Void,90,Malzahar,Malzahar
79,the Blade's Shadow,91,Talon,Talon
80,the Exile,92,Riven,Riven
81,the Mouth of the Abyss,96,KogMaw,Kog'Maw
82,the Eye of Twilight,98,Shen,Shen
83,the Lady of Luminosity,99,Lux,Lux
84,the Magus Ascendant,101,Xerath,Xerath
85,the Half-Dragon,102,Shyvana,Shyvana
86,the Nine-Tailed Fox,103,Ahri,Ahri
87,the Outlaw,104,Graves,Graves
88,the Tidal Trickster,105,Fizz,Fizz
89,the Thunder's Roar,106,Volibear,Volibear
90,the Pridestalker,107,Rengar,Rengar
91,the Arrow of Retribution,110,Varus,Varus
92,the Titan of the Depths,111,Nautilus,Nautilus
93,the Machine Herald,112,Viktor,Viktor
94,Fury of the North,113,Sejuani,Sejuani
95,the Grand Duelist,114,Fiora,Fiora
96,the Hexplosives Expert,115,Ziggs,Ziggs
97,the Fae Sorceress,117,Lulu,Lulu
98,the Glorious Executioner,119,Draven,Draven
99,the Shadow of War,120,Hecarim,Hecarim
100,the Voidreaver,121,Khazix,Kha'Zix
101,the Hand of Noxus,122,Darius,Darius
102,the Defender of Tomorrow,126,Jayce,Jayce
103,the Ice Witch,127,Lissandra,Lissandra
104,Scorn of the Moon,131,Diana,Diana
105,Demacia's Wings,133,Quinn,Quinn
106,the Dark Sovereign,134,Syndra,Syndra
107,The Star Forger,136,AurelionSol,Aurelion Sol
108,the Shadow Reaper,141,Kayn,Kayn
109,Rise of the Thorns,143,Zyra,Zyra
110,the Missing Link,150,Gnar,Gnar
111,the Secret Weapon,154,Zac,Zac
112,the Unforgiven,157,Yasuo,Yasuo
113,the Eye of the Void,161,Velkoz,Vel'Koz
114,the Stoneweaver,163,Taliyah,Taliyah
115,the Steel Shadow,164,Camille,Camille
116,the Heart of the Freljord,201,Braum,Braum
117,the Virtuoso,202,Jhin,Jhin
118,The Eternal Hunters,203,Kindred,Kindred
119,the Loose Cannon,222,Jinx,Jinx
120,the River King,223,TahmKench,Tahm Kench
121,the Purifier,236,Lucian,Lucian
122,the Master of Shadows,238,Zed,Zed
123,the Cantankerous Cavalier,240,Kled,Kled
124,the Boy Who Shattered Time,245,Ekko,Ekko
125,the Piltover Enforcer,254,Vi,Vi
126,the Darkin Blade,266,Aatrox,Aatrox
127,the Tidecaller,267,Nami,Nami
128,the Emperor of the Sands,268,Azir,Azir
129,the Chain Warden,412,Thresh,Thresh
130,the Kraken Priestess,420,Illaoi,Illaoi
131,the Void Burrower,421,RekSai,Rek'Sai
132,the Green Father,427,Ivern,Ivern
133,the Spear of Vengeance,429,Kalista,Kalista
134,the Wandering Caretaker,432,Bard,Bard
135,The Charmer,497,Rakan,Rakan
136,the Rebel,498,Xayah,Xayah
137,The Fire below the Mountain,516,Ornn,Ornn
